{
    "codebleu_perfect": 0.0,
    "codebleu_above_90": 0.0,
    "diff_bleu_avg": 0.0,
    "diff_bleu_perfect": 0.0,
    "diff_bleu_above_90": 0.0,
    "parse_test_accuracy": 0.0,
    "codebleu": {
        "ngram": 3.390670404543819e-06,
        "weighted_ngram": 1.3398316278444908e-05,
        "syntax_match": 0.09208638333515423,
        "dataflow_match": 0.00976638589986432,
        "code_bleu": 0.025467389555425386
    }
}