{
    "codebleu_perfect": 0.0,
    "codebleu_above_90": 0.15492957746478872,
    "diff_bleu_avg": 0.03831417468629835,
    "diff_bleu_perfect": 0.0,
    "diff_bleu_above_90": 0.017605633802816902,
    "docstr_text_scores_avg": 0.0,
    "docstr_text_scores_perfect": 0.0,
    "docstr_text_scores_above_90": 0.0,
    "parse_test_accuracy": 0.8028169014084507,
    "codebleu": {
        "ngram": 0.4175931302706864,
        "weighted_ngram": 0.6005287841827431,
        "syntax_match": 0.8354391180478137,
        "dataflow_match": 0.8889696089114905,
        "code_bleu": 0.6856326603531834
    }
}