{
    "codebleu_perfect": 0.0065,
    "codebleu_above_90": 0.0535,
    "diff_bleu_avg": 0.1740184964391977,
    "diff_bleu_perfect": 0.0355,
    "diff_bleu_above_90": 0.036,
    "parse_test_accuracy": 0.8895,
    "codebleu": {
        "ngram": 0.6114285695954569,
        "weighted_ngram": 0.6235549722011565,
        "syntax_match": 0.7764298447344429,
        "dataflow_match": 0.6410579345088161,
        "code_bleu": 0.6631178302599681
    }
}