{
    "codebleu_perfect": 0.0,
    "codebleu_above_90": 0.0,
    "diff_bleu_avg": 0.002326143875515631,
    "diff_bleu_perfect": 0.0,
    "diff_bleu_above_90": 0.0,
    "docstr_text_scores_avg": 0.1546693675352715,
    "docstr_text_scores_perfect": 0.0,
    "docstr_text_scores_above_90": 0.044444444444444446,
    "comment_text_scores_avg": 0.025229672960813618,
    "comment_text_scores_perfect": 0.022222222222222223,
    "comment_text_scores_above_90": 0.022222222222222223,
    "parse_test_accuracy": 0.8444444444444444,
    "codebleu": {
        "ngram": 0.3081134399916393,
        "weighted_ngram": 0.345269131303333,
        "syntax_match": 0.6933235509904622,
        "dataflow_match": 0.5290032679738562,
        "code_bleu": 0.4689273475648227
    }
}