{
    "codebleu_perfect": 0.2746331236897275,
    "codebleu_above_90": 0.649895178197065,
    "diff_bleu_avg": 0.8543087801747429,
    "diff_bleu_perfect": 0.8322851153039832,
    "diff_bleu_above_90": 0.8322851153039832,
    "parse_test_accuracy": 0.7966457023060797,
    "codebleu": {
        "ngram": 0.8814936042906911,
        "weighted_ngram": 0.8932817548492797,
        "syntax_match": 0.9149681278035728,
        "dataflow_match": 0.9393172377985463,
        "code_bleu": 0.9072651811855225
    }
}